{"actions":[],"apps":[{"acl":{"app":[],"field":[],"record":[]},"app":null,"category":{"categories":[],"useCategory":"false"},"form":{"layout":"[{\"id\":null,\"type\":\"ROW\",\"isSubTable\":false,\"var\":null,\"label\":null,\"controlList\":[{\"isVirtical\":true,\"styleMap\":{\"width\":193},\"type\":\"SINGLE_LINE_TEXT\",\"var\":\"Product_Name\",\"label\":\"Product Name\"}]},{\"id\":\"11221485\",\"type\":\"SUBTABLE\",\"isSubTable\":true,\"var\":\"Parts\",\"label\":\"Parts\",\"controlList\":[{\"isVirtical\":true,\"styleMap\":{\"width\":246},\"type\":\"SINGLE_LINE_TEXT\",\"var\":\"Part_Number\",\"label\":\"Part Number\"},{\"isVirtical\":true,\"styleMap\":{\"width\":193},\"type\":\"SINGLE_LINE_TEXT\",\"var\":\"Part_Name\",\"label\":\"Part Name\"}]}]","revision":null},"iconMeta":null,"info":{"automaticallyChooseTitleComponent":"true","code":null,"decimalPrecision":"16","decimalScale":"4","description":"","enableBulkDeletion":"false","enableRecordReuse":"true","fiscalYearStartMonth":"1","iconKey":"APP39","iconType":"PRESET","jsFiles":null,"jsScope":"ALL","name":"Product Management","roundingMode":"HALF_EVEN","theme":"PLAIN","titleComponentLocalId":null,"useComment":"true","useHistory":"true","useInlineEditAndDelete":"true","useThumbnail":"true"},"jsFiles":[{"jsFileMetas":[{"internalName":null,"locationType":"BLOB","mime":"text/javascript","name":"index.js","url":null}],"jsType":"DESKTOP"}],"notification":{"appNotifications":[{"events":["RECORD_COMMENT_ADDED"],"target":{"entityId":"11221471","entityType":"FIELD_ENTITY","includeSubs":"false"}},{"events":["RECORD_COMMENT_ADDED"],"target":{"entityId":"11221472","entityType":"FIELD_ENTITY","includeSubs":"false"}}],"recordNotifications":[],"reminderTimezone":null,"reminders":[],"useComment":"true","useReminder":"false"},"plugins":[],"reports":[],"resource":{"tables":[{"rows":[{"fields":[],"objectId":"0","subObjectId":"-1"}],"type":"AppName"},{"rows":[{"fields":[],"objectId":"0","subObjectId":"-1"}],"type":"AppDescription"},{"rows":[{"fields":[],"objectId":"11221470","subObjectId":"-1"},{"fields":[],"objectId":"11221471","subObjectId":"-1"},{"fields":[],"objectId":"11221472","subObjectId":"-1"},{"fields":[],"objectId":"11221473","subObjectId":"-1"},{"fields":[],"objectId":"11221474","subObjectId":"-1"},{"fields":[],"objectId":"11221475","subObjectId":"-1"},{"fields":[],"objectId":"11221476","subObjectId":"-1"},{"fields":[],"objectId":"11221477","subObjectId":"-1"},{"fields":[],"objectId":"11221485","subObjectId":"-1"},{"fields":[],"objectId":"11221484","subObjectId":"-1"},{"fields":[],"objectId":"11221490","subObjectId":"-1"},{"fields":[],"objectId":"11221508","subObjectId":"-1"}],"type":"FieldLabel"},{"rows":[{"fields":[],"objectId":"20","subObjectId":"-1"}],"type":"ViewName"},{"rows":[],"type":"CategoryName"}]},"schema":{"groups":[],"revision":null,"subTable":{"11221485":{"fieldList":{"11221484":{"id":"11221484","label":"Part Name","properties":{"defaultValue":"","expression":"","hideExpression":"false","max":null,"min":null,"noLabel":"false","required":"false","unique":"false"},"type":"SINGLE_LINE_TEXT","var":"Part_Name"},"11221490":{"id":"11221490","label":"Part Number","properties":{"defaultValue":"","expression":"","hideExpression":"false","max":null,"min":null,"noLabel":"false","required":"false","unique":"false"},"type":"SINGLE_LINE_TEXT","var":"Part_Number"}},"id":"11221485","label":"Parts","properties":{"noLabel":"false"},"var":"Parts"}},"table":{"fieldList":{"11221470":{"id":"11221470","label":"Record number","properties":{"noLabel":"false","required":"true"},"type":"RECORD_ID","var":"Record_number"},"11221471":{"id":"11221471","label":"Updated by","properties":{"noLabel":"false","required":"true"},"type":"MODIFIER","var":"Updated_by"},"11221472":{"id":"11221472","label":"Created by","properties":{"noLabel":"false","required":"true"},"type":"CREATOR","var":"Created_by"},"11221473":{"id":"11221473","label":"Updated datetime","properties":{"noLabel":"false","required":"true"},"type":"MODIFIED_AT","var":"Updated_datetime"},"11221474":{"id":"11221474","label":"Created datetime","properties":{"noLabel":"false","required":"true"},"type":"CREATED_AT","var":"Created_datetime"},"11221475":{"id":"11221475","label":"Status","properties":{"noLabel":"false","required":"false"},"type":"STATUS","var":"Status"},"11221476":{"id":"11221476","label":"Assignee","properties":{"noLabel":"false","required":"false"},"type":"STATUS_ASSIGNEE","var":"Assignee"},"11221477":{"id":"11221477","label":"Categories","properties":{"noLabel":"false","required":"false"},"type":"CATEGORY","var":"Categories"},"11221508":{"id":"11221508","label":"Product Name","properties":{"defaultValue":"","expression":"","hideExpression":"false","max":null,"min":null,"noLabel":"false","required":"false","unique":"false"},"type":"SINGLE_LINE_TEXT","var":"Product_Name"}},"id":"1","label":"__ROOT__","properties":null,"var":"__ROOT__"}},"settingsNotesForm":{"content":null,"willBeInherited":null},"status":{"actions":[],"filters":[],"initialStateId":null,"states":[],"useStatus":"false"},"uuid":"e8093bea-9cd9-4933-b0e2-69c43fc9c976","views":[{"advancedMode":null,"builtinType":"ALL","device":null,"fields":[{"row":[{"columnWidth":null,"id":"11221470"},{"columnWidth":null,"id":"11221508"}]}],"filter":{"category":null,"offset":null,"order":[],"q":null,"size":null,"sort":[]},"html":null,"keyFieldId":null,"name":"(All records)","pager":null,"revision":null,"titleFieldId":null,"view":"20","viewType":"LIST"}]},{"acl":{"app":[],"field":[],"record":[]},"app":null,"category":{"categories":[],"useCategory":"false"},"form":{"layout":"[{\"id\":null,\"type\":\"ROW\",\"isSubTable\":false,\"var\":null,\"label\":null,\"controlList\":[{\"isVirtical\":true,\"styleMap\":{\"width\":193},\"type\":\"SINGLE_LINE_TEXT\",\"var\":\"Part_Number\",\"label\":\"Part Number\"}]},{\"id\":null,\"type\":\"ROW\",\"isSubTable\":false,\"var\":null,\"label\":null,\"controlList\":[{\"isVirtical\":true,\"styleMap\":{\"width\":193},\"type\":\"SINGLE_LINE_TEXT\",\"var\":\"Part_Name\",\"label\":\"Part Name\"}]},{\"id\":null,\"type\":\"ROW\",\"isSubTable\":false,\"var\":null,\"label\":null,\"controlList\":[{\"isVirtical\":true,\"styleMap\":{\"width\":193},\"type\":\"SINGLE_LINE_TEXT\",\"var\":\"Related_Product_Name\",\"label\":\"Related Product Name\"}]}]","revision":null},"iconMeta":null,"info":{"automaticallyChooseTitleComponent":"true","code":null,"decimalPrecision":"16","decimalScale":"4","description":"","enableBulkDeletion":"false","enableRecordReuse":"true","fiscalYearStartMonth":"1","iconKey":"APP39","iconType":"PRESET","jsFiles":null,"jsScope":"ALL","name":"Part List","roundingMode":"HALF_EVEN","theme":"PLAIN","titleComponentLocalId":null,"useComment":"true","useHistory":"true","useInlineEditAndDelete":"true","useThumbnail":"true"},"jsFiles":[],"notification":{"appNotifications":[{"events":["RECORD_COMMENT_ADDED"],"target":{"entityId":"11221446","entityType":"FIELD_ENTITY","includeSubs":"false"}},{"events":["RECORD_COMMENT_ADDED"],"target":{"entityId":"11221447","entityType":"FIELD_ENTITY","includeSubs":"false"}}],"recordNotifications":[],"reminderTimezone":null,"reminders":[],"useComment":"true","useReminder":"false"},"plugins":[],"reports":[],"resource":{"tables":[{"rows":[{"fields":[],"objectId":"0","subObjectId":"-1"}],"type":"AppName"},{"rows":[{"fields":[],"objectId":"0","subObjectId":"-1"}],"type":"AppDescription"},{"rows":[{"fields":[],"objectId":"11221445","subObjectId":"-1"},{"fields":[],"objectId":"11221446","subObjectId":"-1"},{"fields":[],"objectId":"11221447","subObjectId":"-1"},{"fields":[],"objectId":"11221448","subObjectId":"-1"},{"fields":[],"objectId":"11221449","subObjectId":"-1"},{"fields":[],"objectId":"11221450","subObjectId":"-1"},{"fields":[],"objectId":"11221451","subObjectId":"-1"},{"fields":[],"objectId":"11221452","subObjectId":"-1"},{"fields":[],"objectId":"11221453","subObjectId":"-1"},{"fields":[],"objectId":"11221455","subObjectId":"-1"},{"fields":[],"objectId":"11221468","subObjectId":"-1"}],"type":"FieldLabel"},{"rows":[{"fields":[],"objectId":"11221487","subObjectId":"-1"},{"fields":[],"objectId":"20","subObjectId":"-1"}],"type":"ViewName"},{"rows":[],"type":"CategoryName"}]},"schema":{"groups":[],"revision":null,"subTable":{},"table":{"fieldList":{"11221445":{"id":"11221445","label":"Record number","properties":{"noLabel":"false","required":"true"},"type":"RECORD_ID","var":"Record_number"},"11221446":{"id":"11221446","label":"Updated by","properties":{"noLabel":"false","required":"true"},"type":"MODIFIER","var":"Updated_by"},"11221447":{"id":"11221447","label":"Created by","properties":{"noLabel":"false","required":"true"},"type":"CREATOR","var":"Created_by"},"11221448":{"id":"11221448","label":"Updated datetime","properties":{"noLabel":"false","required":"true"},"type":"MODIFIED_AT","var":"Updated_datetime"},"11221449":{"id":"11221449","label":"Created datetime","properties":{"noLabel":"false","required":"true"},"type":"CREATED_AT","var":"Created_datetime"},"11221450":{"id":"11221450","label":"Status","properties":{"noLabel":"false","required":"false"},"type":"STATUS","var":"Status"},"11221451":{"id":"11221451","label":"Assignee","properties":{"noLabel":"false","required":"false"},"type":"STATUS_ASSIGNEE","var":"Assignee"},"11221452":{"id":"11221452","label":"Categories","properties":{"noLabel":"false","required":"false"},"type":"CATEGORY","var":"Categories"},"11221453":{"id":"11221453","label":"Part Name","properties":{"defaultValue":"","expression":"","hideExpression":"false","max":null,"min":null,"noLabel":"false","required":"false","unique":"false"},"type":"SINGLE_LINE_TEXT","var":"Part_Name"},"11221455":{"id":"11221455","label":"Part Number","properties":{"defaultValue":"","expression":"","hideExpression":"false","max":"64","min":null,"noLabel":"false","required":"false","unique":"true"},"type":"SINGLE_LINE_TEXT","var":"Part_Number"},"11221468":{"id":"11221468","label":"Related Product Name","properties":{"defaultValue":"","expression":"","hideExpression":"false","max":null,"min":null,"noLabel":"false","required":"false","unique":"false"},"type":"SINGLE_LINE_TEXT","var":"Related_Product_Name"}},"id":"1","label":"__ROOT__","properties":null,"var":"__ROOT__"}},"settingsNotesForm":{"content":null,"willBeInherited":null},"status":{"actions":[],"filters":[],"initialStateId":null,"states":[],"useStatus":"false"},"uuid":"e09e16f2-b267-4466-ac40-d688f5f042e4","views":[{"advancedMode":"false","builtinType":null,"device":null,"fields":[{"row":[{"columnWidth":null,"id":"11221455"},{"columnWidth":null,"id":"11221453"},{"columnWidth":null,"id":"11221468"}]}],"filter":{"category":null,"offset":null,"order":["DESC"],"q":null,"size":null,"sort":["f11221445"]},"html":null,"keyFieldId":null,"name":"Part List View","pager":null,"revision":null,"titleFieldId":null,"view":"11221487","viewType":"LIST"},{"advancedMode":null,"builtinType":"ALL","device":null,"fields":[{"row":[{"columnWidth":null,"id":"11221445"},{"columnWidth":null,"id":"11221453"},{"columnWidth":null,"id":"11221455"},{"columnWidth":null,"id":"11221468"}]}],"filter":{"category":null,"offset":null,"order":[],"q":null,"size":null,"sort":[]},"html":null,"keyFieldId":null,"name":"(All records)","pager":null,"revision":null,"titleFieldId":null,"view":"20","viewType":"LIST"}]}],"description":"","iconKey":"APP39","iconMeta":null,"iconSrcAppId":"e8093bea-9cd9-4933-b0e2-69c43fc9c976","iconType":"PRESET","imagesMeta":[],"lookups":[{"actingAppId":"e8093bea-9cd9-4933-b0e2-69c43fc9c976","fieldMappings":[{"fieldId":"11221484","targetFieldId":"11221453"}],"keyMapping":{"fieldId":"11221490","targetFieldId":"11221455"},"listFields":[],"query":{"category":null,"offset":null,"order":["desc"],"q":"order by f11221445 desc","size":null,"sort":["f11221445"]},"targetAppId":"e09e16f2-b267-4466-ac40-d688f5f042e4"}],"name":"Product Management","references":[],"version":"41"}